participante,dispositivo,icono,accion_esperada,respuesta_literal,correcta,confianza_1_a_5,coincidio_despues_de_interactuar,observaciones
P01,escritorio,Menu,Abrir/cerrar menú,,,,,
P01,escritorio,Settings,Abrir configuración,,,,,
P01,escritorio,Bell,Abrir notificaciones,,,,,
P01,escritorio,Bookmark,Guardar publicación,,,,,
P01,escritorio,Heart,Marcar me gusta,,,,,
P01,escritorio,Pin/PinOff,Destacar/quitar destacado,,,,,
P01,escritorio,MoreVertical,Abrir más opciones,,,,,
P01,escritorio,Handshake,Crear o revisar acuerdo,,,,,
P01,escritorio,SlidersHorizontal,Abrir filtros,,,,,
P01,escritorio,AlertTriangle,Advertir usuario,,,,,
P01,escritorio,Ban,Bloquear usuario,,,,,
P01,escritorio,Clock,Suspender usuario,,,,,
P01,escritorio,RotateCcw,Reactivar usuario,,,,,
